so38401985,2021-03-13T12:00:00+09:00,2632720,1678,あはれ！名作くん　第188話～第193話,293,0,0,4,updated_at_was_moved,https://nicovideo.cdn.nimg.jp/thumbnails/38401985/38401985.28116091
so38401987,2021-03-14T22:30:00+09:00,2632720,1440,怪物事変　第十話　双子,7659,739,14,62,updated_at_was_moved,https://nicovideo.cdn.nimg.jp/thumbnails/38401987/38401987.3489557
so38401988,2021-03-16T12:00:00+09:00,2632720,1435,ウマ娘 プリティーダービー Season 2　11　この気持ちって,165619,4590,331,379,updated_at_was_moved,https://nicovideo.cdn.nimg.jp/thumbnails/38401988/38401988.60899981
so38401989,2021-03-19T10:00:00+09:00,2632720,1020,雨色ココア Rainy colorへようこそ！　第1話／第2話,805,1,10,4,updated_at_was_moved,https://nicovideo.cdn.nimg.jp/thumbnails/38401989/38401989.25574688
so38401990,2021-03-19T10:00:00+09:00,2632720,1021,雨色ココア Rainy colorへようこそ！　第3話／第4話,29,0,0,1,updated_at_was_moved,https://nicovideo.cdn.nimg.jp/thumbnails/38401990/38401990.24957070
so38401991,2021-03-19T10:00:00+09:00,2632720,1020,雨色ココア Rainy colorへようこそ！　第5話／第6話,27,0,0,0,updated_at_was_moved,https://nicovideo.cdn.nimg.jp/thumbnails/38401991/38401991.47484448
so38401992,2021-03-19T10:00:00+09:00,2632720,1021,雨色ココア Rainy colorへようこそ！　第7話／第8話,24,0,0,0,updated_at_was_moved,https://nicovideo.cdn.nimg.jp/thumbnails/38401992/38401992.64631245
so38401993,2021-03-19T10:00:00+09:00,2632720,1021,雨色ココア Rainy colorへようこそ！　第9話／第10話,24,0,0,0,updated_at_was_moved,https://nicovideo.cdn.nimg.jp/thumbnails/38401993/38401993.50243499
so38401994,2021-03-19T10:00:00+09:00,2632720,1021,雨色ココア Rainy colorへようこそ！　第11話／第12話,26,0,0,0,updated_at_was_moved,https://nicovideo.cdn.nimg.jp/thumbnails/38401994/38401994.12350793
so38401995,2021-03-14T12:00:00+09:00,2632720,1414,はたらく細胞BLACK　第12話　復帰、心臓、終焉。,13251,1041,35,86,updated_at_was_moved,https://nicovideo.cdn.nimg.jp/thumbnails/38401995/38401995.60581161
so38401996,2021-03-12T22:00:00+09:00,2632720,1421,蜘蛛ですが、なにか？　第9話　アイキャントスピーク、イセカイゴ？,34838,1352,46,105,updated_at_was_moved,https://nicovideo.cdn.nimg.jp/thumbnails/38401996/38401996.37571040
so38401997,2021-03-15T00:00:00+09:00,2632720,1430,ブラッククローバー　ページ167　黒の誓い,1700,106,8,6,updated_at_was_moved,https://nicovideo.cdn.nimg.jp/thumbnails/38401997/38401997.54410293
so38402000,2021-03-12T19:30:00+09:00,2632720,1424,最響カミズモード！　#23　正義のカタチ,102,0,0,0,updated_at_was_moved,https://nicovideo.cdn.nimg.jp/thumbnails/38402000/38402000.61636254
so38402001,2021-03-15T00:00:00+09:00,2632720,1420,無職転生 ～異世界行ったら本気だす～　第10話　人の命と初仕事,48184,2180,114,164,updated_at_was_moved,https://nicovideo.cdn.nimg.jp/thumbnails/38402001/38402001.9857722
so38402002,2021-03-24T00:00:00+09:00,2632720,1022,アズールレーン びそくぜんしんっ！　第9話～第10話　メイドのご奉仕、です／ポカポカアツアツフラフラ…,4735,117,23,15,updated_at_was_moved,https://nicovideo.cdn.nimg.jp/thumbnails/38402002/38402002.79277896
so38402003,2021-03-12T22:00:00+09:00,2632720,1420,弱キャラ友崎くん　Lv.10　多人数プレイには多人数プレイなりのよさがある,9610,788,19,29,updated_at_was_moved,https://nicovideo.cdn.nimg.jp/thumbnails/38402003/38402003.96422773
so38402004,2021-03-17T03:00:00+09:00,2632720,1452,俺だけ入れる隠しダンジョン　第10話　温泉へ行こう,8010,596,15,22,updated_at_was_moved,https://nicovideo.cdn.nimg.jp/thumbnails/38402004/38402004.65545297
so38402005,2023-02-01T00:00:00+09:00,2632720,1440,スケートリーディング☆スターズ　第10話　ファイナル,496,0,1,2,updated_at_was_moved,https://nicovideo.cdn.nimg.jp/thumbnails/38402005/38402005.70394705
so38402006,2021-03-19T10:00:00+09:00,2632720,1451,雨色ココア in Hawaii　第1話～第12話,514,1,5,3,updated_at_was_moved,https://nicovideo.cdn.nimg.jp/thumbnails/38402006/38402006.62998160
so38406872,2021-03-14T10:00:00+09:00,2632720,1480,トミカ絆合体 アースグランナー　第49話　最終決戦！ サビブレーカー攻略大作戦！,166,29,0,0,updated_at_was_moved,https://nicovideo.cdn.nimg.jp/thumbnails/38406872/38406872.12816257
so38406873,2021-03-17T12:00:00+09:00,2632720,1440,遊☆戯☆王SEVENS　チームバトルロイヤル編　第40話　ギブ・ミー・ジャム♪,6379,89,39,21,updated_at_was_moved,https://nicovideo.cdn.nimg.jp/thumbnails/38406873/38406873.40255847
so38406874,2021-03-13T02:00:00+09:00,2632720,1420,呪術廻戦　第22話　起首雷同,53722,1434,104,201,updated_at_was_moved,https://nicovideo.cdn.nimg.jp/thumbnails/38406874/38406874.68977675
so38406875,2021-03-13T12:00:00+09:00,2632720,1430,キングスレイド 意志を継ぐものたち　第24話　立ち向かう者たち,931,7,0,4,updated_at_was_moved,https://nicovideo.cdn.nimg.jp/thumbnails/38406875/38406875.84405793
so38406876,2021-03-17T23:00:00+09:00,2632720,1419,僕ら的には理想の落語　第11話　神詣,132,0,0,0,updated_at_was_moved,https://nicovideo.cdn.nimg.jp/thumbnails/38406876/38406876.43341606
so38406877,2021-03-17T00:30:00+09:00,2632720,818,ワールドウィッチーズ発進しますっ！　第10話　502、はじめてのおつかいしちゃいます？,25030,891,79,83,updated_at_was_moved,https://nicovideo.cdn.nimg.jp/thumbnails/38406877/38406877.55908142
so38406878,2022-05-01T00:00:00+09:00,2632720,1557,WAVE!!～サーフィンやっぺ!!～　第12波　Big WAVEs!!【dアニメストア特別ver.】,319,8,2,2,updated_at_was_moved,https://nicovideo.cdn.nimg.jp/thumbnails/38406878/38406878.52915459
so38406879,2021-03-17T12:00:00+09:00,2632720,1426,魔道祖師　前塵編　第十話　双傑の約束,3040,159,14,14,updated_at_was_moved,https://nicovideo.cdn.nimg.jp/thumbnails/38406879/38406879.16794093
so38406880,2023-03-01T10:00:00+09:00,2632720,1413,オルタンシア・サーガ　第11話　攻防 ～信念の果てに～,1341,39,5,3,updated_at_was_moved,https://nicovideo.cdn.nimg.jp/thumbnails/38406880/38406880.18248636
so38423280,2021-03-19T10:00:00+09:00,2632720,1367,ミラキュラス レディバグ＆シャノワール　第26話　ヴォルピーナ,150,0,1,3,updated_at_was_moved,https://nicovideo.cdn.nimg.jp/thumbnails/38423280/38423280.44851889
so38423281,2021-03-19T10:00:00+09:00,2632720,1367,ミラキュラス レディバグ＆シャノワール　第14話　マイム,129,0,0,2,updated_at_was_moved,https://nicovideo.cdn.nimg.jp/thumbnails/38423281/38423281.25795668
so38423282,2021-03-19T10:00:00+09:00,2632720,1367,ミラキュラス レディバグ＆シャノワール　第13話　ストーンハート,118,0,1,1,updated_at_was_moved,https://nicovideo.cdn.nimg.jp/thumbnails/38423282/38423282.91219382
so38423283,2021-03-19T10:00:00+09:00,2632720,1367,ミラキュラス レディバグ＆シャノワール　第12話　レディバグとシャノワール,123,0,2,3,updated_at_was_moved,https://nicovideo.cdn.nimg.jp/thumbnails/38423283/38423283.22104139
so38423284,2021-03-19T10:00:00+09:00,2632720,1367,ミラキュラス レディバグ＆シャノワール　第11話　ダーク・キューピッド,116,0,0,4,updated_at_was_moved,https://nicovideo.cdn.nimg.jp/thumbnails/38423284/38423284.99014806
so38423285,2021-03-19T10:00:00+09:00,2632720,1367,ミラキュラス レディバグ＆シャノワール　第10話　ホリフィケーター,119,0,0,2,updated_at_was_moved,https://nicovideo.cdn.nimg.jp/thumbnails/38423285/38423285.77824782
so38423286,2021-03-19T10:00:00+09:00,2632720,1367,ミラキュラス レディバグ＆シャノワール　第9話　ロジャーコップ,117,0,0,2,updated_at_was_moved,https://nicovideo.cdn.nimg.jp/thumbnails/38423286/38423286.59961668
so38423287,2021-03-19T10:00:00+09:00,2632720,1367,ミラキュラス レディバグ＆シャノワール　第8話　イラストレーター,122,0,1,4,updated_at_was_moved,https://nicovideo.cdn.nimg.jp/thumbnails/38423287/38423287.22439667
so38423288,2021-03-19T10:00:00+09:00,2632720,1367,ミラキュラス レディバグ＆シャノワール　第7話　レディー・ワイファイ,124,0,0,2,updated_at_was_moved,https://nicovideo.cdn.nimg.jp/thumbnails/38423288/38423288.89938138
so38423289,2021-03-19T10:00:00+09:00,2632720,1367,ミラキュラス レディバグ＆シャノワール　第15話　プリンセス・フレグランス,121,0,0,1,updated_at_was_moved,https://nicovideo.cdn.nimg.jp/thumbnails/38423289/38423289.96386373
so38423290,2021-03-19T10:00:00+09:00,2632720,1367,ミラキュラス レディバグ＆シャノワール　第16話　ダークブレード,111,0,0,1,updated_at_was_moved,https://nicovideo.cdn.nimg.jp/thumbnails/38423290/38423290.53806825
so38423291,2021-03-19T10:00:00+09:00,2632720,1367,ミラキュラス レディバグ＆シャノワール　第17話　アニマン,104,0,0,3,updated_at_was_moved,https://nicovideo.cdn.nimg.jp/thumbnails/38423291/38423291.75952095
so38423292,2021-03-19T10:00:00+09:00,2632720,1367,ミラキュラス レディバグ＆シャノワール　第25話　アンチバグ,122,0,1,1,updated_at_was_moved,https://nicovideo.cdn.nimg.jp/thumbnails/38423292/38423292.98047509
so38423293,2021-03-19T10:00:00+09:00,2632720,1367,ミラキュラス レディバグ＆シャノワール　第24話　パペッター,112,0,0,2,updated_at_was_moved,https://nicovideo.cdn.nimg.jp/thumbnails/38423293/38423293.66839702
so38423294,2021-03-19T10:00:00+09:00,2632720,1367,ミラキュラス レディバグ＆シャノワール　第23話　リフレクタ,117,0,1,1,updated_at_was_moved,https://nicovideo.cdn.nimg.jp/thumbnails/38423294/38423294.54032079
so38423295,2021-03-19T10:00:00+09:00,2632720,1367,ミラキュラス レディバグ＆シャノワール　第22話　ゲーマー,93,0,0,2,updated_at_was_moved,https://nicovideo.cdn.nimg.jp/thumbnails/38423295/38423295.97089655
so38423296,2021-03-19T10:00:00+09:00,2632720,1367,ミラキュラス レディバグ＆シャノワール　第21話　カン・フード,105,0,0,2,updated_at_was_moved,https://nicovideo.cdn.nimg.jp/thumbnails/38423296/38423296.34385215
so38423297,2021-03-19T10:00:00+09:00,2632720,1367,ミラキュラス レディバグ＆シャノワール　第20話　ギター・ヴィラン,113,0,0,3,updated_at_was_moved,https://nicovideo.cdn.nimg.jp/thumbnails/38423297/38423297.46413662
so38423299,2021-03-19T10:00:00+09:00,2632720,1367,ミラキュラス レディバグ＆シャノワール　第19話　ピクセラトール,101,0,0,1,updated_at_was_moved,https://nicovideo.cdn.nimg.jp/thumbnails/38423299/38423299.97853540
so38423300,2021-03-19T10:00:00+09:00,2632720,1367,ミラキュラス レディバグ＆シャノワール　第18話　サイモン・セッズ,120,0,0,1,updated_at_was_moved,https://nicovideo.cdn.nimg.jp/thumbnails/38423300/38423300.826402
so38423301,2021-03-19T10:00:00+09:00,2632720,1367,ミラキュラス レディバグ＆シャノワール　第6話　ミスター・ピジョン,127,0,0,2,updated_at_was_moved,https://nicovideo.cdn.nimg.jp/thumbnails/38423301/38423301.62715000
so38423302,2021-03-19T10:00:00+09:00,2632720,1367,ミラキュラス レディバグ＆シャノワール　第5話　ファラオ,129,0,0,3,updated_at_was_moved,https://nicovideo.cdn.nimg.jp/thumbnails/38423302/38423302.35120591
so38423303,2021-03-19T01:00:00+09:00,2632720,1434,のんのんびより のんすとっぷ　第10話　寒くなったりあったかくなったりした,32146,2445,138,200,updated_at_was_moved,https://nicovideo.cdn.nimg.jp/thumbnails/38423303/38423303.9681924
so38423340,2021-03-17T12:00:00+09:00,2632720,1460,キラッとプリ☆チャン　第142話　とりかえっこ！イブちゃん、お店はじめるッチュ！,2345,108,6,14,updated_at_was_moved,https://nicovideo.cdn.nimg.jp/thumbnails/38423340/38423340.59356449
so38423355,2021-03-19T12:00:00+09:00,2632720,1441,ミュークルドリーミー　４５話　悪夢のお城だったかも？,2257,742,6,19,updated_at_was_moved,https://nicovideo.cdn.nimg.jp/thumbnails/38423355/38423355.21424714
so38423356,2021-03-19T10:00:00+09:00,2632720,1367,ミラキュラス レディバグ＆シャノワール　第3話　コピーキャット,158,0,1,5,updated_at_was_moved,https://nicovideo.cdn.nimg.jp/thumbnails/38423356/38423356.87751579
so38423357,2021-03-19T10:00:00+09:00,2632720,1367,ミラキュラス レディバグ＆シャノワール　第2話　バブラー,261,0,0,7,updated_at_was_moved,https://nicovideo.cdn.nimg.jp/thumbnails/38423357/38423357.25839979
so38423358,2021-03-19T10:00:00+09:00,2632720,1367,ミラキュラス レディバグ＆シャノワール　第1話　ストーミーウェザー,1276,0,35,26,updated_at_was_moved,https://nicovideo.cdn.nimg.jp/thumbnails/38423358/38423358.15974387
so38423359,2021-03-19T19:30:00+09:00,2632720,1420,ポケットモンスター　第51話～第100話　第60話　めざせネギマスター！つらぬけ騎士道！！,1720,109,1,10,updated_at_was_moved,https://nicovideo.cdn.nimg.jp/thumbnails/38423359/38423359.91344970
so38423360,2021-03-19T01:00:00+09:00,2632720,1420,ホリミヤ　page.10　「いつか、雪が溶けるまで。」,8230,257,25,33,updated_at_was_moved,https://nicovideo.cdn.nimg.jp/thumbnails/38423360/38423360.51243416
so38423361,2021-03-17T23:30:00+09:00,2632720,1440,アイ★チュウ　第11話　infini ～決戦～,484,7,3,0,updated_at_was_moved,https://nicovideo.cdn.nimg.jp/thumbnails/38423361/38423361.41068882
so38423363,2021-03-21T23:30:00+09:00,2632720,1420,TVアニメ「IDOLY PRIDE -アイドリープライド-」　第11話　命の音燃やして,3534,141,8,12,updated_at_was_moved,https://nicovideo.cdn.nimg.jp/thumbnails/38423363/38423363.92973783
so38423364,2021-03-16T12:00:00+09:00,2632720,1469,アイカツプラネット！　第10話　世界に一つだけのハナ,524,139,3,5,updated_at_was_moved,https://nicovideo.cdn.nimg.jp/thumbnails/38423364/38423364.62575741
so38423365,2021-03-18T00:00:00+09:00,2632720,1423,回復術士のやり直し　第十話　回復術士は、可憐な一輪の花になる！,13019,980,18,33,updated_at_was_moved,https://nicovideo.cdn.nimg.jp/thumbnails/38423365/38423365.66389383
so38423367,2021-03-18T22:30:00+09:00,2632720,1420,SHOW BY ROCK!! STARS!!　第11話　track-11　星空ライトストーリー,2856,214,18,14,updated_at_was_moved,https://nicovideo.cdn.nimg.jp/thumbnails/38423367/38423367.61663177
so38423368,2021-03-16T00:30:00+09:00,2632720,1420,裏世界ピクニック　第11話　きさらぎ駅米軍救出作戦,6778,314,15,35,updated_at_was_moved,https://nicovideo.cdn.nimg.jp/thumbnails/38423368/38423368.75755255
so38423369,2021-03-19T12:00:00+09:00,2632720,1445,五等分の花嫁∬　第11話　シスターズウォー　前半戦,13247,556,32,50,updated_at_was_moved,https://nicovideo.cdn.nimg.jp/thumbnails/38423369/38423369.87393907
so38423370,2021-03-20T18:00:00+09:00,2632720,1430,おそ松さん 第3期　第23話　「契約更改」「買い出し」「友」,4958,397,18,31,updated_at_was_moved,https://nicovideo.cdn.nimg.jp/thumbnails/38423370/38423370.85018401
so38423371,2021-03-19T10:00:00+09:00,2632720,1761,プランゼット　Chapter.2,1692,378,4,4,updated_at_was_moved,https://nicovideo.cdn.nimg.jp/thumbnails/38423371/38423371.44481417
so38423372,2021-03-19T10:00:00+09:00,2632720,1425,プランゼット　Chapter.1,9039,283,83,22,updated_at_was_moved,https://nicovideo.cdn.nimg.jp/thumbnails/38423372/38423372.9239864
so38423373,2021-03-19T10:00:00+09:00,2632720,1367,ミラキュラス レディバグ＆シャノワール　第4話　タイムブレイカー,187,0,0,2,updated_at_was_moved,https://nicovideo.cdn.nimg.jp/thumbnails/38423373/38423373.55810349
so38437755,2021-03-19T12:00:00+09:00,2632720,1477,妖怪学園Y ～Nとの遭遇～（妖怪ウォッチJam）　第60話　来たぜ！超文明アトランティス,170,2,0,0,updated_at_was_moved,https://nicovideo.cdn.nimg.jp/thumbnails/38437755/38437755.21855469
so38437756,2021-03-17T12:00:00+09:00,2632720,1430,シャドウバース　#47　進化の時,752,10,2,0,updated_at_was_moved,https://nicovideo.cdn.nimg.jp/thumbnails/38437756/38437756.53577942
so38437757,2022-05-01T00:00:00+09:00,2632720,700,文豪ストレイドッグス わん！　#10　第10わん！,1382,13,7,9,updated_at_was_moved,https://nicovideo.cdn.nimg.jp/thumbnails/38437757/38437757.41174697
so38437942,2021-03-17T12:00:00+09:00,2632720,1446,転生したらスライムだった件 第2期　第34話　神之怒,91209,3108,185,307,updated_at_was_moved,https://nicovideo.cdn.nimg.jp/thumbnails/38437942/38437942.25046211
so38437943,2021-03-17T00:00:00+09:00,2632720,1372,ワンダーエッグ・プライオリティ　第１０回　告白,5303,780,19,43,updated_at_was_moved,https://nicovideo.cdn.nimg.jp/thumbnails/38437943/38437943.46701043
so38443999,2021-03-18T23:00:00+09:00,2632720,1440,Ｄｒ．ＳＴＯＮＥ　第２期　第10話　人類最強のタッグ,22492,657,60,94,updated_at_was_moved,https://nicovideo.cdn.nimg.jp/thumbnails/38443999/38443999.1553650
so38444000,2021-03-21T01:30:00+09:00,2632720,1420,怪病医ラムネ　第11話　トール深怪物語・後編,2599,164,8,19,updated_at_was_moved,https://nicovideo.cdn.nimg.jp/thumbnails/38444000/38444000.68117708
so38444002,2021-03-18T23:30:00+09:00,2632720,1420,ゆるキャン△ SEASON２　第11話　伊豆キャン‼ みちゆき,76866,4960,314,369,updated_at_was_moved,https://nicovideo.cdn.nimg.jp/thumbnails/38444002/38444002.25909473
so38444007,2021-03-19T18:30:00+09:00,2632720,1441,スーパーウィングス　第49話～第50話　スパイとお誕生日パーティー／行くぜ万里の長城,52,0,0,0,updated_at_was_moved,https://nicovideo.cdn.nimg.jp/thumbnails/38444007/38444007.64680743
so38444009,2021-03-18T12:00:00+09:00,2632720,705,パズドラ　第3・第4シリーズ　第145話　神崎シンの挑戦,76,0,0,0,updated_at_was_moved,https://nicovideo.cdn.nimg.jp/thumbnails/38444009/38444009.39489384
so38444010,2023-03-01T10:00:00+09:00,2632720,1419,バック・アロウ　BACK 11　真っ向勝負の戦争なのか,2983,178,7,17,updated_at_was_moved,https://nicovideo.cdn.nimg.jp/thumbnails/38444010/38444010.52714788
so38444578,2021-03-17T23:00:00+09:00,2632720,1770,Re:ゼロから始める異世界生活　2nd season　49話　俺を選べ,48479,1646,117,263,updated_at_was_moved,https://nicovideo.cdn.nimg.jp/thumbnails/38444578/38444578.80400952
so38448718,2021-03-22T00:00:00+09:00,2632720,1430,ブラッククローバー　ページ168　最強の胎動,1719,97,6,8,updated_at_was_moved,https://nicovideo.cdn.nimg.jp/thumbnails/38448718/38448718.70243569
so38448719,2021-03-19T22:00:00+09:00,2632720,1420,弱キャラ友崎くん　Lv.11　たった一つの選択肢がすべてを変えてしまうこともある,8669,553,18,33,updated_at_was_moved,https://nicovideo.cdn.nimg.jp/thumbnails/38448719/38448719.19081478
so38448720,2021-03-24T03:00:00+09:00,2632720,1452,俺だけ入れる隠しダンジョン　第11話　ノルの決意,7543,389,12,19,updated_at_was_moved,https://nicovideo.cdn.nimg.jp/thumbnails/38448720/38448720.95406023
so38448721,2021-03-19T22:00:00+09:00,2632720,1421,蜘蛛ですが、なにか？　第10話　このじじい、誰？,36945,1305,42,124,updated_at_was_moved,https://nicovideo.cdn.nimg.jp/thumbnails/38448721/38448721.54410268
so38448722,2021-03-21T12:00:00+09:00,2632720,1414,はたらく細胞BLACK　第13話　心筋梗塞、蘇生、変化。,11674,1294,41,78,updated_at_was_moved,https://nicovideo.cdn.nimg.jp/thumbnails/38448722/38448722.40458293
so38448723,2021-03-21T22:30:00+09:00,2632720,1440,怪物事変　第十一話　記憶,7075,483,13,45,updated_at_was_moved,https://nicovideo.cdn.nimg.jp/thumbnails/38448723/38448723.90399187
so38448724,2021-03-24T12:00:00+09:00,2632720,1435,魔道祖師　前塵編　第十一話　悲しき別れ,2699,237,17,18,updated_at_was_moved,https://nicovideo.cdn.nimg.jp/thumbnails/38448724/38448724.61593798
so38448725,2021-03-23T12:00:00+09:00,2632720,1435,ウマ娘 プリティーダービー Season 2　12　ふたり,159730,2609,332,384,updated_at_was_moved,https://nicovideo.cdn.nimg.jp/thumbnails/38448725/38448725.6674470
so38448726,2021-03-19T19:30:00+09:00,2632720,1424,最響カミズモード！　#24　決戦の時,110,0,0,0,updated_at_was_moved,https://nicovideo.cdn.nimg.jp/thumbnails/38448726/38448726.82316828
so38448727,2021-03-24T12:00:00+09:00,2632720,1440,遊☆戯☆王SEVENS　チームバトルロイヤル編　第41話　蒼月流（そうげつりゅう）ヤメルーラ,3794,68,3,16,updated_at_was_moved,https://nicovideo.cdn.nimg.jp/thumbnails/38448727/38448727.206892
so38448728,2021-03-26T12:00:00+09:00,2632720,1430,五等分の花嫁∬　第12話　シスターズウォー　後半戦,11670,616,38,48,updated_at_was_moved,https://nicovideo.cdn.nimg.jp/thumbnails/38448728/38448728.33976145
so38448729,2021-03-28T18:00:00+09:00,2632720,1420,ゴールデンカムイ（第一期）オーディオコメンタリー版　第十二話　誑かす狐 出演：伊藤健太郎（白石由竹役）、てらそままさき（キロランケ役）,2111,106,8,18,updated_at_was_moved,https://nicovideo.cdn.nimg.jp/thumbnails/38448729/38448729.1185555
so38448730,2021-03-28T18:00:00+09:00,2632720,1420,ゴールデンカムイ（第一期）オーディオコメンタリー版　第十一話　殺人ホテルだよ全員集合!! 出演：伊藤健太郎（白石由竹役）、乃村健次（牛山辰馬役）,2079,80,7,16,updated_at_was_moved,https://nicovideo.cdn.nimg.jp/thumbnails/38448730/38448730.19674647
so38448731,2021-03-28T18:00:00+09:00,2632720,1420,ゴールデンカムイ（第一期）オーディオコメンタリー版　第十話　道連れ 出演：白石晴香（アシ(リ)パ役）、津田健次郎（尾形百之助役）,1692,45,6,14,updated_at_was_moved,https://nicovideo.cdn.nimg.jp/thumbnails/38448731/38448731.6537347
so38448732,2021-03-28T18:00:00+09:00,2632720,1420,ゴールデンカムイ（第一期）オーディオコメンタリー版　第九話　煌めく 出演：白石晴香（アシ(リ)パ役）、津田健次郎（尾形百之助役）,2239,83,7,23,updated_at_was_moved,https://nicovideo.cdn.nimg.jp/thumbnails/38448732/38448732.62924451
so38448733,2021-03-28T18:00:00+09:00,2632720,1420,ゴールデンカムイ（第一期）オーディオコメンタリー版　第八話　殺人鬼の目 出演：小林親弘（杉元佐一役）、伊藤健太郎（白石由竹役）,1805,70,5,19,updated_at_was_moved,https://nicovideo.cdn.nimg.jp/thumbnails/38448733/38448733.6990853
so38448734,2021-03-28T18:00:00+09:00,2632720,1420,ゴールデンカムイ（第二期）オーディオコメンタリー版　第十三話　江渡貝くん 出演：小林親弘（杉元佐一役）、竹本英史（月島軍曹役）,5347,184,72,44,updated_at_was_moved,https://nicovideo.cdn.nimg.jp/thumbnails/38448734/38448734.27694912
so38448735,2021-03-28T18:00:00+09:00,2632720,1420,ゴールデンカムイ（第二期）オーディオコメンタリー版　第二十四話　呼応 出演：小林親弘（杉元佐一役）、白石晴香（アシ(リ)パ役）,1618,103,6,12,updated_at_was_moved,https://nicovideo.cdn.nimg.jp/thumbnails/38448735/38448735.9533830
so38448736,2021-03-28T18:00:00+09:00,2632720,1420,ゴールデンカムイ（第二期）オーディオコメンタリー版　第二十三話　蹂躙 出演：小林親弘（杉元佐一役）、竹本英史（月島軍曹役）,1551,62,8,14,updated_at_was_moved,https://nicovideo.cdn.nimg.jp/thumbnails/38448736/38448736.37115122
so38448737,2021-03-28T18:00:00+09:00,2632720,1420,ゴールデンカムイ（第二期）オーディオコメンタリー版　第二十二話　新月の夜に 出演：白石晴香（アシ(リ)パ役）、竹本英史（月島軍曹役）,1605,65,6,14,updated_at_was_moved,https://nicovideo.cdn.nimg.jp/thumbnails/38448737/38448737.23421610
so38448738,2021-03-28T18:00:00+09:00,2632720,1419,ゴールデンカムイ（第二期）オーディオコメンタリー版　第二十一話　奇襲の音 出演：小林親弘（杉元佐一役）、細谷佳正（谷垣源次郎役）,1743,93,6,17,updated_at_was_moved,https://nicovideo.cdn.nimg.jp/thumbnails/38448738/38448738.56074979
so38448739,2021-03-28T18:00:00+09:00,2632720,1420,ゴールデンカムイ（第二期）オーディオコメンタリー版　第二十話　青い眼 出演：伊藤健太郎（白石由竹役）、てらそままさき（キロランケ役）,2362,76,7,16,updated_at_was_moved,https://nicovideo.cdn.nimg.jp/thumbnails/38448739/38448739.91405720
so38448740,2021-03-28T18:00:00+09:00,2632720,1420,ゴールデンカムイ（第二期）オーディオコメンタリー版　第十九話　カムイホプニレ 出演：津田健次郎（尾形百之助役）、小西克幸（鯉登少尉役）,2718,59,15,25,updated_at_was_moved,https://nicovideo.cdn.nimg.jp/thumbnails/38448740/38448740.26919520
so38448786,2021-04-01T10:00:00+09:00,2632720,1445,推しが武道館いってくれたら死ぬ　#1　そんな舞菜を愛してる,18029,1215,357,147,updated_at_was_moved,https://nicovideo.cdn.nimg.jp/thumbnails/38448786/38448786.64828890
so38448787,2021-03-28T18:00:00+09:00,2632720,1420,ゴールデンカムイ（第一期）オーディオコメンタリー版　第二話　のっぺら坊 出演：白石晴香（アシ(リ)パ役）、伊藤健太郎（白石由竹役）,3053,168,10,25,updated_at_was_moved,https://nicovideo.cdn.nimg.jp/thumbnails/38448787/38448787.61816599
so38448788,2021-03-28T18:00:00+09:00,2632720,1420,ゴールデンカムイ（第一期）オーディオコメンタリー版　第三話　カムイモシㇼ 出演：難波日登志（監督）、高木登（シリーズ構成）、髙橋和彰（プロデューサー）,2251,91,8,20,updated_at_was_moved,https://nicovideo.cdn.nimg.jp/thumbnails/38448788/38448788.74554693
so38448825,2021-04-01T10:00:00+09:00,2632720,1445,推しが武道館いってくれたら死ぬ　#2　いちばん好きでいたい,10090,1038,19,56,updated_at_was_moved,https://nicovideo.cdn.nimg.jp/thumbnails/38448825/38448825.10007019
so38448826,2021-03-28T18:00:00+09:00,2632720,1420,ゴールデンカムイ（第一期）オーディオコメンタリー版　第四話　死神 出演：難波日登志（監督）、高木登（シリーズ構成）、髙橋和彰（プロデューサー）,1978,50,7,15,updated_at_was_moved,https://nicovideo.cdn.nimg.jp/thumbnails/38448826/38448826.76566468
so38448827,2021-03-28T18:00:00+09:00,2632720,1420,ゴールデンカムイ（第一期）オーディオコメンタリー版　第五話　駆ける 出演：白石晴香（アシ(リ)パ役）、伊藤健太郎（白石由竹役）,1750,53,6,16,updated_at_was_moved,https://nicovideo.cdn.nimg.jp/thumbnails/38448827/38448827.3613722
so38448828,2021-03-28T18:00:00+09:00,2632720,1420,ゴールデンカムイ（第一期）オーディオコメンタリー版　第六話　猟師の魂 出演：難波日登志（監督）、高木登（シリーズ構成）、髙橋和彰（プロデューサー）,1826,70,6,18,updated_at_was_moved,https://nicovideo.cdn.nimg.jp/thumbnails/38448828/38448828.97800070
so38448829,2021-03-28T18:00:00+09:00,2632720,1420,ゴールデンカムイ（第一期）オーディオコメンタリー版　第七話　錯綜 出演：難波日登志（監督）、高木登（シリーズ構成）、髙橋和彰（プロデューサー）,1568,45,6,11,updated_at_was_moved,https://nicovideo.cdn.nimg.jp/thumbnails/38448829/38448829.22874570
so38448830,2021-03-28T18:00:00+09:00,2632720,1420,ゴールデンカムイ（第二期）オーディオコメンタリー版　第十四話　まがいもの 出演：白石晴香（アシ(リ)パ役）、竹本英史（月島軍曹役）,2443,121,8,17,updated_at_was_moved,https://nicovideo.cdn.nimg.jp/thumbnails/38448830/38448830.8046095
so38448831,2021-03-28T18:00:00+09:00,2632720,1420,ゴールデンカムイ（第二期）オーディオコメンタリー版　第十五話　昔の話をしよう 出演：伊藤健太郎（白石由竹役）、乃村健次（牛山辰馬役）,1833,44,6,10,updated_at_was_moved,https://nicovideo.cdn.nimg.jp/thumbnails/38448831/38448831.1988066
so38448833,2021-03-28T18:00:00+09:00,2632720,1420,ゴールデンカムイ（第二期）オーディオコメンタリー版　第十六話　旭川第七師団潜入大作戦!! 出演：小林親弘（杉元佐一役）、伊藤健太郎（白石由竹役）,2090,55,9,17,updated_at_was_moved,https://nicovideo.cdn.nimg.jp/thumbnails/38448833/38448833.61509214
so38448834,2021-03-28T18:00:00+09:00,2632720,1420,ゴールデンカムイ（第二期）オーディオコメンタリー版　第十七話　腹の中 出演：津田健次郎（尾形百之助役）、小西克幸（鯉登少尉役）,3193,122,13,32,updated_at_was_moved,https://nicovideo.cdn.nimg.jp/thumbnails/38448834/38448834.46841379
so38448835,2021-03-28T18:00:00+09:00,2632720,1420,ゴールデンカムイ（第一期）オーディオコメンタリー版　第一話　ウェンカムイ 出演：小林親弘（杉元佐一役）、白石晴香（アシ(リ)パ役）,7984,227,122,75,updated_at_was_moved,https://nicovideo.cdn.nimg.jp/thumbnails/38448835/38448835.93690390
so38448836,2021-04-01T10:00:00+09:00,2632720,1430,推しが武道館いってくれたら死ぬ　#12　推しが武道館いってくれたら,7022,689,24,66,updated_at_was_moved,https://nicovideo.cdn.nimg.jp/thumbnails/38448836/38448836.69410003
so38448837,2021-04-01T10:00:00+09:00,2632720,1445,推しが武道館いってくれたら死ぬ　#11　いちばん、身近にある奇跡,7253,496,20,27,updated_at_was_moved,https://nicovideo.cdn.nimg.jp/thumbnails/38448837/38448837.47207875
so38448838,2021-04-01T10:00:00+09:00,2632720,1445,推しが武道館いってくれたら死ぬ　#3　わたしのこと好きですか？,9700,848,19,45,updated_at_was_moved,https://nicovideo.cdn.nimg.jp/thumbnails/38448838/38448838.21749785
so38448839,2021-04-01T10:00:00+09:00,2632720,1445,推しが武道館いってくれたら死ぬ　#4　絶対、1位にするから,8792,673,19,37,updated_at_was_moved,https://nicovideo.cdn.nimg.jp/thumbnails/38448839/38448839.946346
so38448840,2021-04-01T10:00:00+09:00,2632720,1445,推しが武道館いってくれたら死ぬ　#5　わたしは待つことしかできない,8920,730,22,38,updated_at_was_moved,https://nicovideo.cdn.nimg.jp/thumbnails/38448840/38448840.58596803
so38448841,2021-04-01T10:00:00+09:00,2632720,1445,推しが武道館いってくれたら死ぬ　#6　ぼくの全てが君だった,8145,682,19,39,updated_at_was_moved,https://nicovideo.cdn.nimg.jp/thumbnails/38448841/38448841.70648749
so38448842,2021-04-01T10:00:00+09:00,2632720,1445,推しが武道館いってくれたら死ぬ　#7　舞菜のために走るんだ,8235,616,20,27,updated_at_was_moved,https://nicovideo.cdn.nimg.jp/thumbnails/38448842/38448842.50216344
so38448843,2021-04-01T10:00:00+09:00,2632720,1445,推しが武道館いってくれたら死ぬ　#8　わたしの未来にいてほしい,7935,538,17,27,updated_at_was_moved,https://nicovideo.cdn.nimg.jp/thumbnails/38448843/38448843.42461728
so38448844,2021-04-01T10:00:00+09:00,2632720,1445,推しが武道館いってくれたら死ぬ　#9　オタクじゃなく一人の人間として,7847,413,19,30,updated_at_was_moved,https://nicovideo.cdn.nimg.jp/thumbnails/38448844/38448844.68704142
so38448845,2021-04-01T10:00:00+09:00,2632720,1445,推しが武道館いってくれたら死ぬ　#10　推しは友達じゃないから,7735,651,19,34,updated_at_was_moved,https://nicovideo.cdn.nimg.jp/thumbnails/38448845/38448845.17150533
so38448875,2021-03-28T18:00:00+09:00,2632720,1420,ゴールデンカムイ（第二期）オーディオコメンタリー版　第十八話　阿仁根っ子 出演：小林親弘（杉元佐一役）、細谷佳正（谷垣源次郎役）,2695,99,11,27,updated_at_was_moved,https://nicovideo.cdn.nimg.jp/thumbnails/38448875/38448875.1919053
so38449960,2021-04-01T10:00:00+09:00,2632720,1430,Thunderbolt Fantasy 東離剣遊紀２　第一話　仙鎮城,3012,350,67,38,updated_at_was_moved,https://nicovideo.cdn.nimg.jp/thumbnails/38449960/38449960.74574274
so38449961,2021-04-01T10:00:00+09:00,2632720,1430,Thunderbolt Fantasy 東離剣遊紀２　第二話　奪われた魔剣,2064,337,12,17,updated_at_was_moved,https://nicovideo.cdn.nimg.jp/thumbnails/38449961/38449961.36488663
so38449962,2021-04-01T10:00:00+09:00,2632720,1430,Thunderbolt Fantasy 東離剣遊紀２　第三話　蝕心毒姫,1674,251,9,19,updated_at_was_moved,https://nicovideo.cdn.nimg.jp/thumbnails/38449962/38449962.59687699
so38449963,2021-04-01T10:00:00+09:00,2632720,1430,Thunderbolt Fantasy 東離剣遊紀２　第四話　親近敵人,1627,233,11,15,updated_at_was_moved,https://nicovideo.cdn.nimg.jp/thumbnails/38449963/38449963.39613774
so38449964,2021-04-01T10:00:00+09:00,2632720,1430,Thunderbolt Fantasy 東離剣遊紀２　第五話　業火の谷,1582,228,9,15,updated_at_was_moved,https://nicovideo.cdn.nimg.jp/thumbnails/38449964/38449964.1223620
so38449965,2021-04-01T10:00:00+09:00,2632720,1430,Thunderbolt Fantasy 東離剣遊紀２　第六話　毒手の誇り,1611,241,10,17,updated_at_was_moved,https://nicovideo.cdn.nimg.jp/thumbnails/38449965/38449965.62251906
so38449966,2021-04-01T10:00:00+09:00,2632720,1430,Thunderbolt Fantasy 東離剣遊紀２　第七話　妖姫の囁き,1461,180,9,16,updated_at_was_moved,https://nicovideo.cdn.nimg.jp/thumbnails/38449966/38449966.50519408
so38449967,2021-04-01T10:00:00+09:00,2632720,1430,Thunderbolt Fantasy 東離剣遊紀２　第八話　弦歌斷邪,1475,151,9,16,updated_at_was_moved,https://nicovideo.cdn.nimg.jp/thumbnails/38449967/38449967.16172643
so38449968,2021-04-01T10:00:00+09:00,2632720,1430,Thunderbolt Fantasy 東離剣遊紀２　第九話　強者の道,1595,303,10,19,updated_at_was_moved,https://nicovideo.cdn.nimg.jp/thumbnails/38449968/38449968.22342563
so38449970,2021-04-01T10:00:00+09:00,2632720,1430,Thunderbolt Fantasy 東離剣遊紀２　第十話　魔剣／聖剣,1571,228,11,20,updated_at_was_moved,https://nicovideo.cdn.nimg.jp/thumbnails/38449970/38449970.68965941
so38449971,2021-04-01T10:00:00+09:00,2632720,1430,Thunderbolt Fantasy 東離剣遊紀２　第十一話　悪の矜恃,1766,325,11,20,updated_at_was_moved,https://nicovideo.cdn.nimg.jp/thumbnails/38449971/38449971.62563136
so38449972,2021-04-01T10:00:00+09:00,2632720,1430,Thunderbolt Fantasy 東離剣遊紀２　第十二話　追命靈狐,2062,376,13,24,updated_at_was_moved,https://nicovideo.cdn.nimg.jp/thumbnails/38449972/38449972.22813408
so38449974,2021-04-01T10:00:00+09:00,2632720,1430,Thunderbolt Fantasy 東離剣遊紀　第十三話　新たなる使命,4075,571,20,39,updated_at_was_moved,https://nicovideo.cdn.nimg.jp/thumbnails/38449974/38449974.8076127
so38449975,2021-04-01T10:00:00+09:00,2632720,1440,Thunderbolt Fantasy 東離剣遊紀　第一話　雨傘の義理,4741,445,117,75,updated_at_was_moved,https://nicovideo.cdn.nimg.jp/thumbnails/38449975/38449975.79858425
so38449976,2021-04-01T10:00:00+09:00,2632720,1440,Thunderbolt Fantasy 東離剣遊紀　第二話　襲来！玄鬼宗,2431,266,10,30,updated_at_was_moved,https://nicovideo.cdn.nimg.jp/thumbnails/38449976/38449976.53213268
so38449977,2021-04-01T10:00:00+09:00,2632720,1440,Thunderbolt Fantasy 東離剣遊紀　第三話　夜魔の森の女,2072,208,13,29,updated_at_was_moved,https://nicovideo.cdn.nimg.jp/thumbnails/38449977/38449977.59810068
so38449978,2021-04-01T10:00:00+09:00,2632720,1440,Thunderbolt Fantasy 東離剣遊紀　第四話　迴靈笛のゆくえ,1877,226,10,23,updated_at_was_moved,https://nicovideo.cdn.nimg.jp/thumbnails/38449978/38449978.44978710
so38449979,2021-04-01T10:00:00+09:00,2632720,1440,Thunderbolt Fantasy 東離剣遊紀　第五話　剣鬼、殺無生,1844,179,12,27,updated_at_was_moved,https://nicovideo.cdn.nimg.jp/thumbnails/38449979/38449979.82661380
so38449981,2021-04-01T10:00:00+09:00,2632720,1440,Thunderbolt Fantasy 東離剣遊紀　第六話　七人同舟,1838,235,10,20,updated_at_was_moved,https://nicovideo.cdn.nimg.jp/thumbnails/38449981/38449981.47335650
so38449982,2021-04-01T10:00:00+09:00,2632720,1440,Thunderbolt Fantasy 東離剣遊紀　第七話　魔脊山,1958,297,11,19,updated_at_was_moved,https://nicovideo.cdn.nimg.jp/thumbnails/38449982/38449982.60040224
so38449983,2021-04-01T10:00:00+09:00,2632720,1440,Thunderbolt Fantasy 東離剣遊紀　第八話　掠風竊塵,1694,151,10,19,updated_at_was_moved,https://nicovideo.cdn.nimg.jp/thumbnails/38449983/38449983.69439202
so38450160,2021-04-01T10:00:00+09:00,2632720,1440,Thunderbolt Fantasy 東離剣遊紀　第九話　剣の神髄,1979,254,9,23,updated_at_was_moved,https://nicovideo.cdn.nimg.jp/thumbnails/38450160/38450160.81455677
so38450161,2021-04-01T10:00:00+09:00,2632720,1440,Thunderbolt Fantasy 東離剣遊紀　第一〇話　盗賊の矜恃,1922,187,10,22,updated_at_was_moved,https://nicovideo.cdn.nimg.jp/thumbnails/38450161/38450161.45041292
so38450162,2021-04-01T10:00:00+09:00,2632720,1440,Thunderbolt Fantasy 東離剣遊紀　第一一話　誇り高き命,2149,190,10,22,updated_at_was_moved,https://nicovideo.cdn.nimg.jp/thumbnails/38450162/38450162.40167443
so38450219,2021-04-01T10:00:00+09:00,2632720,1440,Thunderbolt Fantasy 東離剣遊紀　第一二話　切れざる刃,3587,235,17,30,updated_at_was_moved,https://nicovideo.cdn.nimg.jp/thumbnails/38450219/38450219.69367223
so38450220,2021-04-01T10:00:00+09:00,2632720,1430,Thunderbolt Fantasy 東離剣遊紀２　第十三話　鮮血の恋歌,2485,476,10,27,updated_at_was_moved,https://nicovideo.cdn.nimg.jp/thumbnails/38450220/38450220.54313991
so38453501,2021-03-24T12:00:00+09:00,2632720,1460,キラッとプリ☆チャン　第143話　イメチェンさら様　ドキドキふわふわだパン！,2295,113,8,14,updated_at_was_moved,https://nicovideo.cdn.nimg.jp/thumbnails/38453501/38453501.88757854
so38453502,2021-03-26T10:00:00+09:00,2632720,1739,OVA　それゆけ！宇宙戦艦ヤマモト・ヨーコⅡ　STAGE：2　伝説のナイトメア,368,18,7,4,updated_at_was_moved,https://nicovideo.cdn.nimg.jp/thumbnails/38453502/38453502.74481751
so38453503,2021-03-26T10:00:00+09:00,2632720,1718,OVA　それゆけ！宇宙戦艦ヤマモト・ヨーコⅡ　STAGE：1　真夏のチャレンジャー,914,23,40,8,updated_at_was_moved,https://nicovideo.cdn.nimg.jp/thumbnails/38453503/38453503.97985359
so38453504,2021-03-26T10:00:00+09:00,2632720,1703,OVA　それゆけ！宇宙戦艦ヤマモト・ヨーコ　STAGE：3　薔薇のメモワール,289,4,3,2,updated_at_was_moved,https://nicovideo.cdn.nimg.jp/thumbnails/38453504/38453504.1401640
so38453505,2021-03-26T10:00:00+09:00,2632720,1720,OVA　それゆけ！宇宙戦艦ヤマモト・ヨーコ　STAGE：2　湯けむりのナインボール,652,38,3,4,updated_at_was_moved,https://nicovideo.cdn.nimg.jp/thumbnails/38453505/38453505.98454229
so38453506,2021-03-26T10:00:00+09:00,2632720,1750,OVA　それゆけ！宇宙戦艦ヤマモト・ヨーコ　STAGE：1　ゲットレディ！,2121,84,68,16,updated_at_was_moved,https://nicovideo.cdn.nimg.jp/thumbnails/38453506/38453506.27175150
so38453507,2023-03-01T10:00:00+09:00,2632720,1415,オルタンシア・サーガ　第12話　約束 ～もう一度、夕日の丘で～,1403,79,4,6,updated_at_was_moved,https://nicovideo.cdn.nimg.jp/thumbnails/38453507/38453507.40221108
so38453508,2023-02-01T00:00:00+09:00,2632720,1440,スケートリーディング☆スターズ　第12話　盟友,498,0,1,4,updated_at_was_moved,https://nicovideo.cdn.nimg.jp/thumbnails/38453508/38453508.40803860
so38453509,2023-02-01T00:00:00+09:00,2632720,1440,スケートリーディング☆スターズ　第11話　完全,474,0,1,2,updated_at_was_moved,https://nicovideo.cdn.nimg.jp/thumbnails/38453509/38453509.38144463
so38453510,2021-03-23T00:30:00+09:00,2632720,1420,裏世界ピクニック　第12話　空魚と鳥子,6401,388,24,29,updated_at_was_moved,https://nicovideo.cdn.nimg.jp/thumbnails/38453510/38453510.66927295
so38453512,2021-03-22T00:00:00+09:00,2632720,1421,無職転生 ～異世界行ったら本気だす～　第11話　子供と戦士,55308,2502,149,264,updated_at_was_moved,https://nicovideo.cdn.nimg.jp/thumbnails/38453512/38453512.10390018
so38453513,2021-03-24T23:00:00+09:00,2632720,1419,僕ら的には理想の落語　第12話　紙の誘い,158,0,0,1,updated_at_was_moved,https://nicovideo.cdn.nimg.jp/thumbnails/38453513/38453513.42408917
so38453514,2021-03-20T12:00:00+09:00,2632720,1430,キングスレイド 意志を継ぐものたち　第25話　闇咲く、復讐の刃,971,11,1,2,updated_at_was_moved,https://nicovideo.cdn.nimg.jp/thumbnails/38453514/38453514.77884278
so38453515,2021-03-21T10:00:00+09:00,2632720,1480,トミカ絆合体 アースグランナー　第50話　デッドヒート！ キズナレベル無限大！,161,39,0,1,updated_at_was_moved,https://nicovideo.cdn.nimg.jp/thumbnails/38453515/38453515.46897440
so38453516,2021-03-26T10:00:00+09:00,2632720,1713,OVA　それゆけ！宇宙戦艦ヤマモト・ヨーコⅡ　STAGE：3　桜月夜のシンデレラ,195,7,3,1,updated_at_was_moved,https://nicovideo.cdn.nimg.jp/thumbnails/38453516/38453516.72760560
so38453824,2021-03-22T12:00:00+09:00,2632720,1435,進撃の巨人 The Final Season　第73話　暴悪,46380,2342,73,192,updated_at_was_moved,https://nicovideo.cdn.nimg.jp/thumbnails/38453824/38453824.73016409
so38454258,2021-03-20T02:00:00+09:00,2632720,1419,呪術廻戦　第23話　起首雷同―弐―,64623,1713,157,280,updated_at_was_moved,https://nicovideo.cdn.nimg.jp/thumbnails/38454258/38454258.6535156
so38470067,2021-03-24T12:00:00+09:00,2632720,1415,シャドウバース　#48　バトル！シャドウバース！,953,25,1,1,updated_at_was_moved,https://nicovideo.cdn.nimg.jp/thumbnails/38470067/38470067.16302984
so38470068,2021-03-26T10:00:00+09:00,2632720,1465,TVA　それゆけ！宇宙戦艦ヤマモト・ヨーコ　第10話　たかく翔びたい！,205,10,3,1,updated_at_was_moved,https://nicovideo.cdn.nimg.jp/thumbnails/38470068/38470068.30965313
so38470069,2021-03-26T10:00:00+09:00,2632720,1464,TVA　それゆけ！宇宙戦艦ヤマモト・ヨーコ　第11話　宇宙大海戦,170,16,2,1,updated_at_was_moved,https://nicovideo.cdn.nimg.jp/thumbnails/38470069/38470069.39345242
so38470070,2021-03-26T10:00:00+09:00,2632720,1465,TVA　それゆけ！宇宙戦艦ヤマモト・ヨーコ　第12話　別れのうどん,152,13,3,2,updated_at_was_moved,https://nicovideo.cdn.nimg.jp/thumbnails/38470070/38470070.24191060
so38470071,2021-03-26T10:00:00+09:00,2632720,1465,TVA　それゆけ！宇宙戦艦ヤマモト・ヨーコ　第13話　美しき鬼,155,13,3,2,updated_at_was_moved,https://nicovideo.cdn.nimg.jp/thumbnails/38470071/38470071.66045310
so38470072,2021-03-26T10:00:00+09:00,2632720,1464,TVA　それゆけ！宇宙戦艦ヤマモト・ヨーコ　第14話　死後の恋,143,21,3,1,updated_at_was_moved,https://nicovideo.cdn.nimg.jp/thumbnails/38470072/38470072.79526680
so38470073,2021-03-26T10:00:00+09:00,2632720,1465,TVA　それゆけ！宇宙戦艦ヤマモト・ヨーコ　第15話　眠れる花嫁,134,11,3,1,updated_at_was_moved,https://nicovideo.cdn.nimg.jp/thumbnails/38470073/38470073.20099607
so38470074,2021-03-26T10:00:00+09:00,2632720,1465,TVA　それゆけ！宇宙戦艦ヤマモト・ヨーコ　第16話　碧い瞳の転校生,131,12,3,1,updated_at_was_moved,https://nicovideo.cdn.nimg.jp/thumbnails/38470074/38470074.80397638
so38470075,2021-03-26T10:00:00+09:00,2632720,1465,TVA　それゆけ！宇宙戦艦ヤマモト・ヨーコ　第17話　双面の舞姫,134,16,3,4,updated_at_was_moved,https://nicovideo.cdn.nimg.jp/thumbnails/38470075/38470075.34950740
so38470077,2021-03-26T10:00:00+09:00,2632720,1465,TVA　それゆけ！宇宙戦艦ヤマモト・ヨーコ　第18話　仮面舞踏会,125,12,3,3,updated_at_was_moved,https://nicovideo.cdn.nimg.jp/thumbnails/38470077/38470077.53404867
so38470078,2021-03-26T10:00:00+09:00,2632720,1465,TVA　それゆけ！宇宙戦艦ヤマモト・ヨーコ　第19話　群雄割拠,125,10,3,3,updated_at_was_moved,https://nicovideo.cdn.nimg.jp/thumbnails/38470078/38470078.27907497
so38470079,2021-03-26T10:00:00+09:00,2632720,1465,TVA　それゆけ！宇宙戦艦ヤマモト・ヨーコ　第20話　青と赤,124,8,3,3,updated_at_was_moved,https://nicovideo.cdn.nimg.jp/thumbnails/38470079/38470079.78531804
so38470080,2021-03-26T10:00:00+09:00,2632720,1465,TVA　それゆけ！宇宙戦艦ヤマモト・ヨーコ　第21話　紅四姉妹,119,13,3,3,updated_at_was_moved,https://nicovideo.cdn.nimg.jp/thumbnails/38470080/38470080.70699345
so38470081,2021-03-26T10:00:00+09:00,2632720,1464,TVA　それゆけ！宇宙戦艦ヤマモト・ヨーコ　第22話　黒の天使,112,7,3,2,updated_at_was_moved,https://nicovideo.cdn.nimg.jp/thumbnails/38470081/38470081.42467338
so38470083,2021-03-26T10:00:00+09:00,2632720,1465,TVA　それゆけ！宇宙戦艦ヤマモト・ヨーコ　第23話　残像,113,13,3,1,updated_at_was_moved,https://nicovideo.cdn.nimg.jp/thumbnails/38470083/38470083.76557083
so38470084,2021-03-26T10:00:00+09:00,2632720,1465,TVA　それゆけ！宇宙戦艦ヤマモト・ヨーコ　第24話　さよならの惑星,123,11,3,3,updated_at_was_moved,https://nicovideo.cdn.nimg.jp/thumbnails/38470084/38470084.89916886
so38470085,2021-03-26T10:00:00+09:00,2632720,1465,TVA　それゆけ！宇宙戦艦ヤマモト・ヨーコ　第25話　赤い殺意,129,12,3,1,updated_at_was_moved,https://nicovideo.cdn.nimg.jp/thumbnails/38470085/38470085.70414781
so38470086,2021-03-26T10:00:00+09:00,2632720,1465,TVA　それゆけ！宇宙戦艦ヤマモト・ヨーコ　第9話　大迷宮,187,16,3,1,updated_at_was_moved,https://nicovideo.cdn.nimg.jp/thumbnails/38470086/38470086.28629014
so38470087,2021-03-26T10:00:00+09:00,2632720,1464,TVA　それゆけ！宇宙戦艦ヤマモト・ヨーコ　第8話　時には母のない子のように,201,7,4,1,updated_at_was_moved,https://nicovideo.cdn.nimg.jp/thumbnails/38470087/38470087.30791278
so38470089,2021-03-27T18:00:00+09:00,2632720,1430,おそ松さん 第3期　第24話　「帰ってきた新おそ松」「A-１グランプリ」,4330,371,13,22,updated_at_was_moved,https://nicovideo.cdn.nimg.jp/thumbnails/38470089/38470089.13499778
so38470090,2021-03-24T00:30:00+09:00,2632720,805,ワールドウィッチーズ発進しますっ！　第11話　501、また、あの空へ行っちゃいます？,22247,643,76,62,updated_at_was_moved,https://nicovideo.cdn.nimg.jp/thumbnails/38470090/38470090.51117433
so38470091,2021-03-26T01:00:00+09:00,2632720,1434,のんのんびより のんすとっぷ　第11話　酔っぱらって思い出した,28740,2364,129,160,updated_at_was_moved,https://nicovideo.cdn.nimg.jp/thumbnails/38470091/38470091.19542372
so38470128,2021-03-23T12:00:00+09:00,2632720,1470,アイカツプラネット！　第11話　やさしい気持ち,547,153,0,7,updated_at_was_moved,https://nicovideo.cdn.nimg.jp/thumbnails/38470128/38470128.98889275
so38470129,2021-03-26T10:00:00+09:00,2632720,1465,TVA　それゆけ！宇宙戦艦ヤマモト・ヨーコ　第7話　不死蝶　起つ,285,19,3,1,updated_at_was_moved,https://nicovideo.cdn.nimg.jp/thumbnails/38470129/38470129.36276052
so38470130,2021-03-26T10:00:00+09:00,2632720,1465,TVA　それゆけ！宇宙戦艦ヤマモト・ヨーコ　第6話　さよなら未来,239,15,3,2,updated_at_was_moved,https://nicovideo.cdn.nimg.jp/thumbnails/38470130/38470130.19988163
so38470131,2021-03-26T10:00:00+09:00,2632720,1464,TVA　それゆけ！宇宙戦艦ヤマモト・ヨーコ　第5話　脅威！レッドスナッパーズの挑戦,259,14,3,2,updated_at_was_moved,https://nicovideo.cdn.nimg.jp/thumbnails/38470131/38470131.30403581
so38470132,2021-03-26T10:00:00+09:00,2632720,1464,TVA　それゆけ！宇宙戦艦ヤマモト・ヨーコ　第4話　四重奏結成！はじめての戦い,331,15,3,3,updated_at_was_moved,https://nicovideo.cdn.nimg.jp/thumbnails/38470132/38470132.19681987
so38470153,2021-03-24T23:30:00+09:00,2632720,1440,アイ★チュウ　第12話　harmonie ～アイチュウ～,469,11,6,5,updated_at_was_moved,https://nicovideo.cdn.nimg.jp/thumbnails/38470153/38470153.86567299
so38470157,2021-03-26T10:00:00+09:00,2632720,1465,TVA　それゆけ！宇宙戦艦ヤマモト・ヨーコ　第1話　碧い瞳の少女,3694,123,102,25,updated_at_was_moved,https://nicovideo.cdn.nimg.jp/thumbnails/38470157/38470157.37708674
so38470158,2021-03-26T10:00:00+09:00,2632720,1465,TVA　それゆけ！宇宙戦艦ヤマモト・ヨーコ　第2話　はばたけ！新しい翼,642,23,5,5,updated_at_was_moved,https://nicovideo.cdn.nimg.jp/thumbnails/38470158/38470158.71736231
so38470159,2021-03-26T10:00:00+09:00,2632720,1464,TVA　それゆけ！宇宙戦艦ヤマモト・ヨーコ　第3話　光れ！まどかの青春,427,24,4,4,updated_at_was_moved,https://nicovideo.cdn.nimg.jp/thumbnails/38470159/38470159.60058035
so38470160,2021-03-26T10:00:00+09:00,2632720,1435,TVA　それゆけ！宇宙戦艦ヤマモト・ヨーコ　第26話　仮面の告白,191,13,4,3,updated_at_was_moved,https://nicovideo.cdn.nimg.jp/thumbnails/38470160/38470160.42490836
so38470189,2021-03-22T14:00:00+09:00,2632720,1435,進撃の巨人 The Final Season　第74話　唯一の救い,47634,2212,67,188,updated_at_was_moved,https://nicovideo.cdn.nimg.jp/thumbnails/38470189/38470189.2527781
so38470325,2021-03-23T12:00:00+09:00,2632720,1425,ＳＫ∞ エスケーエイト　第10話　言葉のいらないDAP,4385,202,20,25,updated_at_was_moved,https://nicovideo.cdn.nimg.jp/thumbnails/38470325/38470325.26790600
so38474464,2021-03-27T00:00:00+09:00,2632720,1506,"PSYCHO-PASS サイコパス 3 FIRST INSPECTOR 編集版　Chapter.2　Rainy day, and",5574,424,26,37,updated_at_was_moved,https://nicovideo.cdn.nimg.jp/thumbnails/38474464/38474464.78942469
so38474465,2021-03-26T12:00:00+09:00,2632720,1477,妖怪学園Y ～Nとの遭遇～（妖怪ウォッチJam）　第61話　壮絶　アトランティスの大決戦！,157,0,0,0,updated_at_was_moved,https://nicovideo.cdn.nimg.jp/thumbnails/38474465/38474465.4007124
so38474475,2021-03-26T12:00:00+09:00,2632720,1441,ミュークルドリーミー　４６話　女王さまと女王様,2227,750,7,16,updated_at_was_moved,https://nicovideo.cdn.nimg.jp/thumbnails/38474475/38474475.66428427
so38474476,2021-03-25T12:00:00+09:00,2632720,705,パズドラ　第3・第4シリーズ　第146話　ニュービースト・マツハラ！,65,0,0,0,updated_at_was_moved,https://nicovideo.cdn.nimg.jp/thumbnails/38474476/38474476.31707222
so38474478,2021-03-27T00:00:00+09:00,2632720,1429,"PSYCHO-PASS サイコパス 3 FIRST INSPECTOR 編集版　Chapter.1　Rainy day, and",4816,157,22,16,updated_at_was_moved,https://nicovideo.cdn.nimg.jp/thumbnails/38474478/38474478.58746850
so38474479,2021-03-27T00:00:00+09:00,2632720,1295,PSYCHO-PASS サイコパス 3 FIRST INSPECTOR 編集版　Chapter.2　Ziggurat Capture Part 2,4235,124,14,15,updated_at_was_moved,https://nicovideo.cdn.nimg.jp/thumbnails/38474479/38474479.75833241
so38474480,2021-03-27T00:00:00+09:00,2632720,1442,PSYCHO-PASS サイコパス 3 FIRST INSPECTOR 編集版　Chapter.1　Ziggurat Capture Part 2,4665,198,21,17,updated_at_was_moved,https://nicovideo.cdn.nimg.jp/thumbnails/38474480/38474480.19266496
so38474481,2021-03-27T00:00:00+09:00,2632720,1271,PSYCHO-PASS サイコパス 3 FIRST INSPECTOR 編集版　Chapter.2　Ziggurat Capture Part 1,4444,122,14,17,updated_at_was_moved,https://nicovideo.cdn.nimg.jp/thumbnails/38474481/38474481.69918013
so38474482,2021-03-27T00:00:00+09:00,2632720,1373,PSYCHO-PASS サイコパス 3 FIRST INSPECTOR 編集版　Chapter.1　Ziggurat Capture Part 1,8587,198,136,32,updated_at_was_moved,https://nicovideo.cdn.nimg.jp/thumbnails/38474482/38474482.17818215
so38474484,2022-05-01T00:00:00+09:00,2632720,700,文豪ストレイドッグス わん！　#11　第11わん！,1399,53,7,14,updated_at_was_moved,https://nicovideo.cdn.nimg.jp/thumbnails/38474484/38474484.67220123
so38474701,2021-03-24T12:00:00+09:00,2632720,1441,転生したらスライムだった件 第2期　第35話　魔王誕生,117077,4227,248,365,updated_at_was_moved,https://nicovideo.cdn.nimg.jp/thumbnails/38474701/38474701.37003853
so38475804,2021-03-24T00:00:00+09:00,2632720,1372,ワンダーエッグ・プライオリティ　第１１回　おとなのこども,5591,600,19,42,updated_at_was_moved,https://nicovideo.cdn.nimg.jp/thumbnails/38475804/38475804.12228484
so38478921,2021-03-27T18:35:00+09:00,2632720,1450,七つの大罪 憤怒の審判　第10話　太陽の救済,2721,62,8,6,updated_at_was_moved,https://nicovideo.cdn.nimg.jp/thumbnails/38478921/38478921.11382723
so38478922,2023-03-01T10:00:00+09:00,2632720,1419,バック・アロウ　BACK 12　誇りも積もれば芥となるか,2794,212,7,13,updated_at_was_moved,https://nicovideo.cdn.nimg.jp/thumbnails/38478922/38478922.94763528
so38478923,2021-03-25T23:00:00+09:00,2632720,1440,Ｄｒ．ＳＴＯＮＥ　第２期　第11話　ＰＲＯＬＯＧＵＥ ＯＦ Ｄｒ．ＳＴＯＮＥ,23767,635,65,106,updated_at_was_moved,https://nicovideo.cdn.nimg.jp/thumbnails/38478923/38478923.76219490
so38478924,2021-03-28T23:30:00+09:00,2632720,1420,TVアニメ「IDOLY PRIDE -アイドリープライド-」　第12話　サヨナラから始まる物語,3541,133,17,24,updated_at_was_moved,https://nicovideo.cdn.nimg.jp/thumbnails/38478924/38478924.93548036
so38478925,2021-03-25T00:00:00+09:00,2632720,1423,回復術士のやり直し　第十一話　回復術士は、ノルンの蛮行に心を痛める！,13606,626,20,35,updated_at_was_moved,https://nicovideo.cdn.nimg.jp/thumbnails/38478925/38478925.64872429
so38478926,2021-03-26T22:00:00+09:00,2632720,1421,蜘蛛ですが、なにか？　第11話　次回、決戦？,33846,1154,48,120,updated_at_was_moved,https://nicovideo.cdn.nimg.jp/thumbnails/38478926/38478926.76012011
so38478927,2021-03-25T22:30:00+09:00,2632720,1420,SHOW BY ROCK!! STARS!!　第12話　track-12　アノカナタリウム,3994,221,26,21,updated_at_was_moved,https://nicovideo.cdn.nimg.jp/thumbnails/38478927/38478927.6346764
so38478928,2021-03-26T22:00:00+09:00,2632720,1420,弱キャラ友崎くん　Lv.12　ヒロインにしか装備できないアイテムには特別な効果がある,8018,767,29,46,updated_at_was_moved,https://nicovideo.cdn.nimg.jp/thumbnails/38478928/38478928.36718976
so38478929,2021-04-03T12:00:00+09:00,2632720,1395,プレイタの傷　第13話　暁の英雄,507,18,0,2,updated_at_was_moved,https://nicovideo.cdn.nimg.jp/thumbnails/38478929/38478929.57348179
so38478930,2021-03-27T12:00:00+09:00,2632720,1425,プレイタの傷　第12話　暁封鎖,506,3,0,2,updated_at_was_moved,https://nicovideo.cdn.nimg.jp/thumbnails/38478930/38478930.37701372
so38478932,2021-03-26T19:30:00+09:00,2632720,1424,最響カミズモード！　#25　WINNER!!,122,0,0,0,updated_at_was_moved,https://nicovideo.cdn.nimg.jp/thumbnails/38478932/38478932.27112378
so38478934,2021-04-03T18:35:00+09:00,2632720,1450,七つの大罪 憤怒の審判　第11話　神と対峙する人,2582,99,6,7,updated_at_was_moved,https://nicovideo.cdn.nimg.jp/thumbnails/38478934/38478934.73805654
so38479597,2021-03-24T23:00:00+09:00,2632720,1770,Re:ゼロから始める異世界生活　2nd season　50話　月下、出鱈目なステップ,43612,2606,135,290,updated_at_was_moved,https://nicovideo.cdn.nimg.jp/thumbnails/38479597/38479597.49829474
so38483416,2021-04-03T12:00:00+09:00,2632720,1322,ぼのぼの(2016)　第249話～第252話　クモモの姉／春を見に行こう／誰にも知られたくない春／ボクたちの春,244,2,0,1,updated_at_was_moved,https://nicovideo.cdn.nimg.jp/thumbnails/38483416/38483416.64168165
so38483419,2021-03-26T01:00:00+09:00,2632720,1420,ホリミヤ　page.11　「嫌い嫌いも、ウラがある。」,7747,236,23,33,updated_at_was_moved,https://nicovideo.cdn.nimg.jp/thumbnails/38483419/38483419.53346763
so38483420,2021-03-30T12:00:00+09:00,2632720,1435,ウマ娘 プリティーダービー Season 2　13　夢をかける,239722,4818,691,853,updated_at_was_moved,https://nicovideo.cdn.nimg.jp/thumbnails/38483420/38483420.70259704
so38483421,2021-03-28T01:30:00+09:00,2632720,1405,怪病医ラムネ　第12話　怪病医ラムネ,2319,128,9,25,updated_at_was_moved,https://nicovideo.cdn.nimg.jp/thumbnails/38483421/38483421.26978592
so38483422,2021-03-28T22:30:00+09:00,2632720,1440,怪物事変　第十二話　怪物事変,6540,794,22,74,updated_at_was_moved,https://nicovideo.cdn.nimg.jp/thumbnails/38483422/38483422.6035083
so38483423,2021-03-25T23:30:00+09:00,2632720,1420,ゆるキャン△ SEASON２　第12話　伊豆キャン!!! バースデー！,68027,3809,298,350,updated_at_was_moved,https://nicovideo.cdn.nimg.jp/thumbnails/38483423/38483423.5394688
so38483424,2021-03-26T18:30:00+09:00,2632720,1441,スーパーウィングス　第51話～第52話　世界の歴史を駆け抜けろ／ネス湖でカーリング,61,0,0,0,updated_at_was_moved,https://nicovideo.cdn.nimg.jp/thumbnails/38483424/38483424.73870129
so38483426,2021-03-27T12:00:00+09:00,2632720,1430,キングスレイド 意志を継ぐものたち　第26話　世界樹の戦い,907,26,0,7,updated_at_was_moved,https://nicovideo.cdn.nimg.jp/thumbnails/38483426/38483426.23304910
so38483427,2021-03-27T12:00:00+09:00,2632720,1203,のりものまん モービルランドのカークン　第49話～第52話　カークン、変身！／ワールドレース スタート！／ワールドレースに勝つのは？／カークンはどこ？,75,0,1,0,updated_at_was_moved,https://nicovideo.cdn.nimg.jp/thumbnails/38483427/38483427.6245608
so38483428,2021-03-26T17:00:00+09:00,2632720,1460,爆丸アーマードアライアンス　第52話　終わりの時／奇跡の星,75,0,0,0,updated_at_was_moved,https://nicovideo.cdn.nimg.jp/thumbnails/38483428/38483428.44721112
so38483429,2021-03-29T00:00:00+09:00,2632720,1430,ブラッククローバー　ページ169　従魔の儀,1743,106,6,6,updated_at_was_moved,https://nicovideo.cdn.nimg.jp/thumbnails/38483429/38483429.15113833
so38488066,2021-03-28T10:00:00+09:00,2632720,1450,トミカ絆合体 アースグランナー　第51話　ライドオン！ トミカ絆合体アースグランナー！,172,52,0,1,updated_at_was_moved,https://nicovideo.cdn.nimg.jp/thumbnails/38488066/38488066.97748540
so38488067,2021-04-06T12:00:00+09:00,2632720,825,ガル学。～聖ガールズスクエア学院～　第46話～第50話　ガル活、結果発表！／センチメートル／ツナグツナグ／旅立ち／私たちの未来,121,0,0,3,updated_at_was_moved,https://nicovideo.cdn.nimg.jp/thumbnails/38488067/38488067.10740238
so38488068,2021-04-07T00:00:00+09:00,2632720,1022,アズールレーン びそくぜんしんっ！　第11話～第12話　楽しい遊園地ハプニング？！／大切な宝物、それが仲間たち,4156,142,22,22,updated_at_was_moved,https://nicovideo.cdn.nimg.jp/thumbnails/38488068/38488068.36571755
so38488069,2021-03-31T03:00:00+09:00,2632720,1452,俺だけ入れる隠しダンジョン　第12話　負けられない戦い,6340,464,20,22,updated_at_was_moved,https://nicovideo.cdn.nimg.jp/thumbnails/38488069/38488069.44480547
so38488070,2023-03-01T10:00:00+09:00,2632720,1420,バック・アロウ　キャストコメンタリー版　BACK 12　誇りも積もれば芥となるか（キャストコメンタリー版）,667,12,1,3,updated_at_was_moved,https://nicovideo.cdn.nimg.jp/thumbnails/38488070/38488070.38332091
so38488071,2021-04-05T22:30:00+09:00,2632720,1420,やくならマグカップも　第1話　はじめまして！陶芸部,14376,1662,170,82,updated_at_was_moved,https://nicovideo.cdn.nimg.jp/thumbnails/38574535/38574535.32413845
so38489137,2021-03-27T02:15:00+09:00,2632720,1420,呪術廻戦　第24話　共犯,60197,1813,186,313,updated_at_was_moved,https://nicovideo.cdn.nimg.jp/thumbnails/38489137/38489137.25851392
